TCR	Abundance
CASVSGHPTQSRANVLTF	0.0213999578325954
CASSLELDKVHNEKLFF	0.0200295171832173
CASSVRHFVLDEQYF	0.0191861690912924
CASSAGPFVMQDTQYF	0.0114906177524773
CASTDHNSHKSRANVLTF	0.0101201771030993
CASSGIQKLGKTYGYTF	0.0090659919881931
CASSGYSTISGLTGELFF	0.0080118068732869
CASSILHPISYNNSPLHF	0.0062196921779464
CTSRLELVRKTYGYTF	0.0056925996204933
CASSLQRSYGKTYGYTF	0.0052709255745308
CASSVSTQNRKTYGYTF	0.004954670040059
CASSSTSPISYNSPLHF	0.0044275774826059
CASSVLLHFVLDEQYF	0.0037950664136622
CASSWSRPFVMQDTQYF	0.0036896479021716
CSARGPGGDYEQYF	0.0030571368332279
CASLRGHPRKIYGYTF	0.0028462998102466
CASRPAVGYRKTYGYTF	0.002740881298756
CASSMGCHFHSDNEQFF	0.0020029517183217
CASSAALATARKNIQYF	0.0018975332068311
CASSVDGFPQSRANVLTF	0.0017921146953405
CASSETRPISNSDNEQFF	0.0014758591608686
CAWSVGQMETQYF	0.001370440649378
CASSHRKRSQQSRANVLTF	0.0012650221378874
CARMTLYVSASTDTQYF	0.0010541851149061
CASSLGFYPIQSRANVLTF	0.0009487666034155598
CASSNCPSWLQSRANVLTF	0.0007379295804343243
CASSYGVVHWHHQPQHF	0.0007379295804343243
CASSASRGSRKTYGYTF	0.00031625553447185326
CASSHRVSFQKAYGYTF	0.0002108370229812355
CASSTPRNLGKTYGYTF	0.0002108370229812355
