TCR	Abundance
CARAALYCSGGSCYSGSFHF	2.2426119469351616e-05
CARMAAAGYYDITTYCHEF	1.546628928920801e-05
CVKDRDPADF	1.4692974824747607e-05
CAKDPDYYYGSGSF	7.733144644604005e-06
CANGRWMEHSGSYSF	7.733144644604005e-06
CAARWGCGEF	3.093257857841602e-06
CTTDLTLRGWVPPGF	3.093257857841602e-06
CARLTVVQGVIIF	3.093257857841602e-06
CVNYCVGATCYAEVPPTF	2.319943393381201e-06
CAKDIAPVLRFLEWF	1.546628928920801e-06
CARVGGYGSGSYF	1.546628928920801e-06
CARDVVKFRIAVAGTF	1.546628928920801e-06
CAREKEDRLRYFDWFIAF	1.546628928920801e-06
CAPTPGVYDHIWGSWSF	1.546628928920801e-06
CAKDGTGGSSGYDAALIF	1.546628928920801e-06
