TCR	Abundance
CVRGMVWVGWLGEQF	4.5784191634312505e-05
CARVHDAWTF	4.0290088638195005e-05
CATDSHYNESGGQSERF	2.0602886235440628e-05
CVKEGQVWAF	1.9687202402754377e-05
CARGGDALRYF	8.698996410519376e-06
CARLASGSSRSDYF	4.57841916343125e-06
CAKDTGYYDSSGYRF	4.120577247088125e-06
CARDPYFDTSGNGNF	3.662735330745e-06
CARNPDSSSWSPF	2.74705149805875e-06
CVRGWFGEFLF	2.74705149805875e-06
CARTDDSFGSLF	2.289209581715625e-06
CALEDVDILDHF	2.289209581715625e-06
CARDGVDPMF	2.289209581715625e-06
CGAGGPPFFHF	2.289209581715625e-06
CARLGYSHGF	2.289209581715625e-06
CAKDHITTVIGYYFDSF	1.8313676653725e-06
CARPTLGGVIVF	1.8313676653725e-06
CARGTYYFDSF	1.8313676653725e-06
CARDGQWLVF	1.373525749029375e-06
CARVSAGYSFGYF	1.373525749029375e-06
CAGGRYSFDPF	9.1568383268625e-07
CARDGQWLVF	9.1568383268625e-07
