TCR	Abundance
CARILIYYDF	6.539086510708281e-05
CARHILAGVWALF	4.746111177126978e-05
CARVLLGYSYGFF	2.601572052647381e-05
CARPLPPGDPQIVVVTAPPDCF	2.1445391244795976e-05
CARGAAGVSYDFWGGYF	1.792975333581303e-05
CAKGPQYYDF	1.2304732681440315e-05
CARVDDSSGYHEF	1.2304732681440315e-05
CARILIYYDF	1.195316889054202e-05
CARLYLSDGLSAAPFQF	1.125004130874543e-05
CAKDLAYCGGDCRDF	7.031275817965894e-06
CARGQQGSSGYYF	7.031275817965894e-06
CANLWGRSLHPADLNPPVYLF	6.6797120270676e-06
CAKGITYYYDSSGYYPNF	4.921893072576126e-06
CAKGTMQLWFF	3.515637908982947e-06
CAKDGPFFMGYSSSSGF	3.1640741180846523e-06
CARPLPPGDPQIVVVTAPPDWF	2.109382745389768e-06
CAKGGDRDCSGGSCYCRF	1.7578189544914736e-06
CARGYGDVLLWF	1.7578189544914736e-06
CATRKTYNDNF	1.4062551635931787e-06
CARILIYDDF	1.054691372694884e-06
CASMHLLRLPIPDYAPF	1.054691372694884e-06
CAKDFRMVRGVIYPSF	1.054691372694884e-06
CAKGPQYYDF	1.054691372694884e-06
CARVLLGYSYGFF	7.031275817965894e-07
