TCR	Abundance
CTTDWVSILLVAPF	9.162021461009674e-05
CAREPHDYGALF	8.022466552923893e-05
CAREAIAVAGTDVF	3.692157902197928e-05
CATTARWHLGSYYFDFF	2.7349317794058726e-05
CAKERYYDSSGYYYVF	2.187945423524698e-05
CASPEPPHGGSSSSF	6.381507485280369e-06
CAKERHYYDSSGYYSHF	5.925685522046057e-06
CAKDRWLSPF	5.925685522046057e-06
CATLEGDYDILTGYLF	5.925685522046057e-06
CARDPPPYDSSGYYPVSF	4.102397669108809e-06
CASQPLEPTIF	3.646575705874497e-06
CAKDLGSGSF	3.1907537426401847e-06
CARDLGLRFLEWLSNF	2.7349317794058724e-06
CAREYYYGSGIRF	2.7349317794058724e-06
CATTARWHLGSYYFDLF	2.7349317794058724e-06
CARTPGAVAGF	2.2791098161715605e-06
CAAVGLGTMIVVAHPF	2.2791098161715605e-06
CARDKTHYYYDSSGYYF	1.8232878529372485e-06
CANWLNYDFWSGYYAF	1.3674658897029362e-06
CARDYIFWSGSDYF	1.3674658897029362e-06
