TCR	Abundance
CASEGDVWFGELLGDQTF	0.0002488939339663458
CARHPTYDILTADF	0.00012328391121697502
CAKRFEPLKIVLMVYAFVF	3.954389605072784e-05
CARGPPYGDYGDF	2.015963328076321e-05
CGRPPAVTIF	1.240592817277736e-05
CARDGYYYDSSGYLF	1.0855187151180192e-05
CARDGEDTAIGCF	1.0079816640381606e-05
CAREAEHGVWGSYRSVF	9.30444612958302e-06
CAKDLRPTIFLFDYF	8.529075618784437e-06
CAREVVYYYDSSGYF	7.75370510798585e-06
CARGPPYGDYGEF	3.876852553992925e-06
CAKMMIGAEKRPNLDYF	3.876852553992925e-06
CARDSLPVQYYYDSSGYYF	1.5507410215971702e-06
