TCR	Abundance
CARDLGGSGWYREF	0.0002951535782452136
CAKDASGLSVTVTF	0.00012750634580193228
CAKDKVGATMFF	4.801164872788808e-05
CAKDRDSSSWLQKLEF	4.092796285000295e-05
CARDGRIAAAGTF	1.0231990712500738e-05
CARDRKGAAMVF	6.296609669231223e-06
CARDPNLYDF	4.722457251923418e-06
CAKDEVFEQWLVRF	3.935381043269514e-06
CARPDSSGYYAVF	3.148304834615612e-06
CAKDSGGATPSEF	2.361228625961709e-06
CARSGPSITMVRGVISF	1.5741524173078058e-06
CARDEYSGNDGPLDFF	1.5741524173078058e-06
