TCR	Abundance
CTTDQGPLRF	0.0001002679311425848
CARERGIAVAGTLSF	9.34987881118618e-05
CAREPGPYTVGYF	7.572978765621384e-05
CARDAAVGRPISF	6.007614439766684e-05
CARGYVEYWQWADF	4.399942969969966e-05
CARDSWGILRF	3.3845715153615125e-05
CAKDVARYSSEWSSTFDNF	1.6076714697967183e-05
CARGIFGELLLF	1.3538286061446047e-05
CAKDGKWTLDYF	8.88450022782397e-06
CARAIDYAEVGSF	8.038357348983591e-06
CVKGFHDFWSGYLHF	6.7691430307230245e-06
CAAQGRLGELSLF	3.8076429547817017e-06
CARSRDILTGYPHEF	8.461428788403781e-07
