TCR	Abundance
CARGRMDGLRFFDYF	0.00016089848543249867
CAKGIGVLWF	6.895649375678514e-05
CARGQLGGDYF	4.4644909419457046e-05
CASYSRVLHVLF	3.580433329679228e-05
CAKAVGQDIVVVPAAF	2.298549791892838e-05
CARVLLSSWYF	1.5913037020796573e-05
CARGARGYSYGF	1.2376806571730666e-05
CARAELWFGEFEF	1.0608691347197712e-05
CTRGLGSGRYYPTF	7.956518510398286e-06
CAKHVGSNWDF	7.514489704265047e-06
CARDLRGDSGDSWF	6.188403285865333e-06
CAKSRGYDFWTGHDF	5.746374479732095e-06
CAKRPSSPGYGDGGGGF	4.420288061332381e-06
CARDLTYFDWF	4.420288061332381e-06
CARDAAIGIQYYYDIF	2.2101440306661902e-06
CAKGSGVLLWF	1.3260864183997142e-06
CARGARGYSYGF	8.840576122664762e-07
