TCR	Abundance
CARGPFCSGGSCYTAGYYYYMDVF	5.835787632817983e-05
CAREDRNSGYDF	4.783432485916379e-05
CASQPRLQREGWEPTF	3.4919057147189564e-05
CARVRDSSGYYHPF	3.300568415282302e-05
CAKNAPSRGDYFHYF	1.865538669507388e-05
CAKERLITIF	1.578532720352405e-05
CATRKEIFDYVWGSYRF	9.566864971832755e-06
CASGYTWGHRELHYF	9.566864971832755e-06
CARSSYSGSYYF	9.566864971832755e-06
CASQPRLQREGWEPTF	5.740118983099655e-06
