TCR	Abundance
CARGLADVWNPIF	4.612916261635e-05
CALQRYIRNCSSVSCNLF	2.2103557087001043e-05
CAHKHPLDFSWDLF	1.9220484423479167e-05
CTRKSGYDTF	1.4895875428196357e-05
CARTDDYGDYGYVSVEPLF	1.2493314875261458e-05
CARDLVVGANEF	9.610242211739583e-06
CARMTPRGFLESSF	8.168705879978647e-06
CAQGGRYLEWF	7.688193769391667e-06
CVKGAWLDFF	6.246657437630729e-06
CARVPSPVLRYFDWF	4.805121105869792e-06
CARMTPKIFLEPLF	4.805121105869792e-06
CAREGAGATYYYDSPGYYSTF	3.3635847741088542e-06
CAKSESALWFGEFF	2.402560552934896e-06
CTRKSGYDTF	1.922048442347917e-06
CAHKHPLDFSWDLF	1.922048442347917e-06
CAHRRVDTAMVF	1.4415363317609376e-06
CAKDVESQYYDFF	9.610242211739584e-07
CARGGAWLDVF	9.610242211739584e-07
