TCR	Abundance
CARARGSSDF	8.267312934329191e-05
CATTSGITMIRGPF	7.558686111386688e-05
CARGPDLGGVLLF	3.070716232750842e-05
CARGDPTVITPKYF	2.834507291770008e-05
CARGIPMLRGVTPFF	2.598298350789174e-05
CAKDRLSTIF	2.36208940980834e-05
CARDYYDSSGYYSF	2.283353096148062e-05
CATDPPRTIF	1.9684078415069505e-05
CARGPYNGFSIDNF	1.889671527846672e-05
CARVYSGSFNNYWGGFDYF	9.44835763923336e-06
CATTSGITMSRGPF	8.66099450263058e-06
CARGIRTYDRSGFYF	6.2989050928222405e-06
CAKDRGGDYVF	4.72417881961668e-06
CAKDRLSTIF	3.9368156830139e-06
CARGDPTVITPKYF	2.36208940980834e-06
CARGDPTVITPKYF	2.36208940980834e-06
CAKDRLSTMF	1.57472627320556e-06
