TCR	Abundance
CARGIPMIRGATPFF	9.71280761484117e-05
CARGLRLGGHLVHF	5.2398041080064205e-05
CTTVSRPDSRLLWFGDF	4.345203406639471e-05
CAKDLRRTYFYGSGSRF	2.9820023378898327e-05
CASVLLWFGVFGDF	2.4708019371087187e-05
CARGPQKLANYYDSSGYQTF	4.260003339842618e-06
CASVLLWFGGFGDF	3.4080026718740947e-06
CTTVSRPDSRLLWFGDF	3.4080026718740947e-06
CARPDYYDSSDYGLSF	2.556002003905571e-06
CARGRYQFLF	1.7040013359370471e-06
CATVMVVIGTAGYKSSWYPLVF	1.2780010019527854e-06
