TCR	Abundance
CTLQEGPLLWFGEF	2.633934606375904e-05
CAKAGEMATITITGHF	2.4015286116956766e-05
CAREGIQLWLF	1.7430449601017007e-05
CAGWSVVRGVIIF	1.162029973401134e-05
CATTFFFFVWGSSF	9.683583111676115e-06
CAAGSVVWFGESF	4.260776569137491e-06
CARDAPDYRNYVF	3.098746595736357e-06
CARSPIPGTTTMSVRFLEWLPKTF	3.098746595736357e-06
CARDGQVEMATILF	2.7114032712693125e-06
CARVGDGYNSF	2.324059946802268e-06
CAKQNGTRDTVTTF	2.324059946802268e-06
CATTFFFFVWGSSF	1.5493732978681784e-06
CAREATVVTPSIDF	1.5493732978681784e-06
